ID,unit_address_as_provided,ADDRESS,state,city,zip_code,rent,longitude,latitude,mls1,rent1,mls2,rent2,mls3,rent3
1,2613 Grand Canyon Mckinney, TX 75072-2332,2613 Grand Canyon Ct,TX,75072,2001,-96.71,33.17672,14678183,3000,14691759,2500,14696779,3200
2,829 Barcelona Mesquite, TX 75150-4389,829 Barcelona Cir,TX,75150,1719,-96.60845,32.823154,14726686,1895,14700971,2400
3,7404 Rutgers #A Rowlett, TX 75088-8552,7404 Rutgers Cir,TX,75088,1812,-96.53091,32.88893,14682385,1950,14689646,1900,14672348,2895
4,7404 Rutgers #B Rowlett, TX 75088-8552,7404 Rutgers Cir,TX,75088,1812,-96.53091,32.88893,14682385,1950,14689646,1900,14672348,2895
5,322 Antler Court Lewisville, TX 75067-6505,322 Antler Ct,TX,75067,2046,-96.9985,33.00723,14706045,2900,14687782,1550,14704112,1750
6,7121 Starnes Road North Richland Hills, TX 76182-7721,7121 Starnes Rd,TX,76182,1991,-97.227554,32.88239,14684095,2595
7,1401 Paris Grand Prairie, TX 75050-3264,1401 Paris Dr,TX,75050,1840,-97.0228,32.75528,14686641,2275,14721923,1845
8,1336 Lakecrest Lewisville, TX 75057-2615,1336 Lake Crest Ln,TX,75057,1669,-97.010475,33.061756
9,1320 Lakecrest Ln Lewisville, TX 75057-2615,1320 Lake Crest Ln,TX,75057,1669,-97.01048,33.06145
10,1433 Lakecrest Lewisville, TX 75057-2670,1433 Lake Crest Ln,TX,75057,1681,-97.01001,33.063
11,2417 Stone Creek Plano, TX 75075-2941,2417 Stone Creek Dr,TX,75075,2372,-96.73981,33.03367,14692490,2300,14671001,2780,14706850,2300
12,3005 Saddlehead Plano, TX 75075-1529,3005 Saddlehead Dr,TX,75075,2377,-96.769554,33.03835,14676624,3650,14683189,3300,14679272,3000
13,280 Meadowcrest Terrell, TX 75160-5109,280 Meadowcrest Dr,TX,75160,1666,-96.26959,32.762615,14693824,2000,14659999,2000,14701550,1595
14,1103 Alexandria Forney, TX 75126,1103 Alexandria Dr,TX,75126,1807,-96.40881,32.743736,14666844,1750,14666352,1995,14675517,2295
15,14433 Serrano Ridge Road Haslet, TX 76052-5855,14433 Serrano Ridge Rd,TX,76052,1912,-97.36763,32.99312,14717362,2295,14703313,2500,14708428,2000
16,1233 Candler Drive Lancaster, TX 75134-4603,1233 Candler Dr,TX,75134,1742,-96.789795,32.62721,14669566,2200,14720102,3000
17,117 Charles St Desoto, TX 75115-3925,117 Charles St,TX,75115,1725,-96.85565,32.60889
18,502 Shockley Desoto, TX 75115-3314,502 Shockley Ave,TX,75115,1850,-96.846886,32.609337
19,14264 Chaps Dr Dallas, TX 75253,14264 Chaps Dr,TX,75253,1770,-96.58712,32.67319
20,15603 Danson Dr Dallas, TX 75253-5797,15603 Danson Dr,TX,75253,1841,-96.58262,32.68775,14693048,1395,14691745,2500
21,15635 Gatsby Ln Dallas, TX 75253-5798,15635 Gatsby Ln,TX,75253,1840,-96.58387,32.68459,14693048,1395
22,8345 O Hara Lane Fort Worth, TX 76123-1505,8345 Ohara Ln,TX,76123,1815,-97.36582,32.62042,14687768,1850,14693987,1850,14721924,1750
23,409 Kelley Fort Worth, TX 76120-1721,409 Kelley Ct,TX,76120,1714,-97.19093,32.77426,14683404,2250,14666418,2045,14702449,2165
24,7632 Craig Street Fort Worth, TX 76112-7304,7632 Craig St,TX,76112,1656,-97.1905,32.735504
25,1102 Jefferson St #A Mckinney, TX 75069-6445,1102 Jefferson St,TX,75069,1750,-96.606865,33.18812,14720896,1950
26,8805 Millwood Rowlett, TX 75088-4410,8805 Millwood Dr,TX,75088,1983,-96.5165,32.91338,14674740,2000,14630430,2095,14697282,2120
27,2008 Apollo Richardson, TX 75081-3225,2008 Apollo Rd,TX,75081,2324,-96.68585,32.95275,14715220,1550,14681264,2200,14709300,2600
28,7605 Harbor Rowlett, TX 75088-5329,7605 Harbor Dr,TX,75088,1668,-96.52773,32.89867,14708222,2200,14713299,2200,14705258,2395
29,2704 14th St Plano, TX 75074-6628,2704 14 St,TX,75074,1540,-96.67749,33.01774,14729145,1495,14723266,2200,14707843,2100
30,8205 Benares Dallas, TX 75243-3629,8205 Benares Dr,TX,75243,1547,-96.76192,32.916176,14702672,5500,14679336,1495
31,2042 Cardinal Lane Lewisville, TX 75077-1753,2042 Cardinal Ln,TX,75077,1979,-97.03211,33.07582,14685173,1975,14669695,750,14640556,2000
32,1332 Lakecrest Ln Lewisville, TX 75057-2615,1332 Lake Crest Ln,TX,75057,1668,-97.010475,33.06169
33,1304 Lakecrest Ln Lewisville, TX 75057-2615,1304 Lake Crest Ln,TX,75057,1676,-97.01049,33.061195
34,1408 Lakecrest Ln Lewisville, TX 75057-2669,1408 Lake Crest Ln,TX,75057,1683,-97.01045,33.06242
35,5645 Perrin Street The Colony, TX 75056-1946,5645 Perrin St,TX,75056,1707,-96.86718,33.094795,14686853,1595,14682218,1850,14616427,2850
36,815 S Willow Sherman, TX 75090-8131,815 S Willow St,TX,75090,1453,-96.59666,33.631313,14671740,1599,14717271,1200,14663484,1425
37,278 Meadowcrest Terrell, TX 75160-5109,278 Meadowcrest Dr,TX,75160,1671,-96.26942,32.76256,14693824,2000,14659999,2000,14701550,1595
38,1821 Ridgecrest Terrell, TX 75160-5115,1821 Ridgecrest Dr,TX,75160,1563,-96.26946,32.761246,14659999,2000,14701550,1595,14693824,2000
39,1941 Cross Oaks Lancaster, TX 75146-2041,1941 Cross Oaks Dr,TX,75146,1795,-96.79492,32.59557,14704359,2040,14709528,2250,14695980,2190
40,1422 Cascade St Mesquite, TX 75149-2358,1422 Cascade St,TX,75149,1558,-96.608154,32.778755,14682296,1600,14682072,1450
41,617 Braden Mesquite, TX 75149-4046,617 Braden St,TX,75149,1536,-96.60634,32.75779,14686937,1625,14691657,1850,14723259,1695
42,927 Ranch Dallas, TX 75253-5051,927 Ranch Rd,TX,75253,1758,-96.59708,32.69185,14664369,1825
43,7826 Arkan Parkway Dallas, TX 75241-5341,7826 Arkan Pkwy,TX,75241,1630,-96.81924,32.65105,14677265,2000,14656952,1695,14670491,1730
44,2802 Tenison Ennis, TX 75119-7734,2802 Tenison Dr,TX,75119,1835,-96.64999,32.35161
45,9217 Abaco Way Fort Worth, TX 76123-3599,9217 Abaco Way,TX,76123,1803,-97.36768,32.60947,14672809,1895,14713517,1695,14693987,1850
46,3516 Aruba Fort Worth, TX 76123-3527,3516 Aruba Ln,TX,76123,1766,-97.37238,32.61161,14713517,1695,14672809,1895,14717363,1750
47,1321 Lyra Ln Arlington, TX 76013-8312,1321 Lyra Ln,TX,76013,2874,-97.17847,32.724033,14706877,2250
48,1525 Bardfield Garland, TX 75041-4918,1525 Bardfield Ave,TX,75041,1647,-96.65133,32.871376,14676928,1800,14679044,1600,14695378,1795
49,11026 McCree Dallas, TX 75238-3033,11026 Mccree Rd,TX,75238,2454,-96.69238,32.87435,14690482,2350,14707899,2400,14676794,2700
50,601 Eastern Star Garland, TX 75040-5125,601 Eastern Star Dr,TX,75040,1636,-96.62422,32.92506,14718501,1700,14700871,1700,14699274,1699
51,6517 Cypress Rockwall, TX 75087-4517,6517 Cypress Ln,TX,75087,1833,-96.50536,32.91483,14662929,2095,14687321,2135,14674740,2000
52,7409 Rutgers #A Rowlett, TX 75088-8552,7409 Rutgers Cir,TX,75088,2170,-96.53056,32.889416,14682385,1950,14689646,1900,14672348,2895
53,7409 Rutgers #B Rowlett, TX 75088-8552,7409 Rutgers Cir,TX,75088,2170,-96.53056,32.889416,14682385,1950,14689646,1900,14672348,2895
54,4016 Bandera Plano, TX 75074-3802,4016 Bandera Dr,TX,75074,2187,-96.65209,33.02559,14677779,2275,14719354,2250,14679527,2295
55,1650 Belltower Drive Lewisville, TX 75067-3201,1650 Belltower Dr,TX,75067,2014,-97.03866,33.0427,14702326,2000,14681503,2050,14655313,2000
56,1340 Lakecrest Ln Lewisville, TX 75057-2615,1340 Lake Crest Ln,TX,75057,1671,-97.010475,33.061825
57,1312 Lakecrest Ln Lewisville, TX 75057-2615,1312 Lake Crest Ln,TX,75057,1669,-97.01049,33.06133
58,1432 Lakecrest Lewisville, TX 75057-2669,1432 Lake Crest Ln,TX,75057,1681,-97.01044,33.06299
59,15652 Gatsby Ln Dallas, TX 75253-5838,15652 Gatsby Ln,TX,75253,1720,-96.58365,32.68373,14693048,1395
60,14325 Wrangler Dallas, TX 75253-4956,14325 Wrangler Way,TX,75253,1985,-96.58585,32.673916
61,15634 Gatsby Ln Dallas, TX 75253-5838,15634 Gatsby Ln,TX,75253,1711,-96.58426,32.68425,14693048,1395
62,203 Martin Luther Duncanville, TX 75116-4028,203 Martin Luther Cir,TX,75116,1761,-96.89161,32.65167,14687246,1895
63,215 Oriole Duncanville, TX 75116-3813,215 Oriole Blvd,TX,75116,1597,-96.90263,32.65345,14685910,1795,14687246,1895
64,303 Mizell Duncanville, TX 75116-3417,303 Mizell St,TX,75116,1876,-96.91303,32.65662,14685910,1795
65,6811 Orangeville Dr Dallas, TX 75237-2574,6811 Orangeville Dr,TX,75237,1655,-96.88127,32.66665
66,3441 Cayman Fort Worth, TX 76123-3519,3441 Cayman Dr,TX,76123,1782,-97.37064,32.60956,14713517,1695,14672809,1895,14717363,1750
67,3512 Aruba Fort Worth, TX 76123-3527,3512 Aruba Ln,TX,76123,1771,-97.37225,32.61157,14713517,1695,14672809,1895,14717363,1750
68,3613 Cayman Fort Worth, TX 76123-3586,3613 Cayman Dr,TX,76123,1770,-97.3737,32.60933,14713517,1695,14717363,1750,14672809,1895
69,1818 Plantation Garland, TX 75044-7276,1818 Plantation Rd,TX,75044,1878,-96.655334,32.94131,14696909,1700,14642564,1800,14698218,2350
70,1205 Colony Garland, TX 75040-8147,1205 Colony Dr,TX,75040,1463,-96.61451,32.900246,14713610,1650,14664330,2150,14707032,1425
71,4221 Pineridge Garland, TX 75042-6144,4221 Pineridge Dr,TX,75042,1531,-96.69708,32.91465,14695879,2200
72,436 Perch Rockwall, TX 75032-6321,436 Perch Rd,TX,75032,1953,-96.45706,32.8875,14718793,2550,14706971,1850,14711295,1900
73,7721 Harbor Rowlett, TX 75088-5456,7721 Harbor Dr,TX,75088,1958,-96.52636,32.8986,14713299,2200,14708222,2200,14705258,2395
74,220 Dodge Trail Keller, TX 76248-4940,220 Dodge Trl,TX,76248,1888,-97.25854,32.92534,14642013,1950,14682013,2750
75,610 Ascot Drive Euless, TX 76040-5547,610 Ascot Dr,TX,76040,2145,-97.07933,32.82837,14723079,1995,14650790,1995,14694423,1995
76,1511 Donley Drive Euless, TX 76039-2510,1511 Donley Dr,TX,76039,1677,-97.09596,32.85896,14692933,1995,14690474,2000,14688343,1795
77,1349 Lakecrest Lewisville, TX 75057-2666,1349 Lake Crest Ln,TX,75057,1664,-97.01005,33.061756
78,1301 Lake Crest Lewisville, TX 75057-2666,1301 Lake Crest Ln,TX,75057,1701,-97.010124,33.060863
79,1416 Lake Crest Ln Lewisville, TX 75057-2669,1416 Lake Crest Ln,TX,75057,1712,-97.01045,33.0626
80,1050 Dubois Denison, TX 75020-7913,1050 Dubois St,TX,75020,1319,-96.55357,33.727615,14675348,1450,14714950,1150
81,5809 Haney Watauga, TX 76148-3006,5809 Haney Dr,TX,76148,1670,-97.2574,32.85963,14681987,1800,14711447,1400,14707715,1700
82,14248 Chaps Dr Dallas, TX 75253,14248 Chaps Dr,TX,75253,1803,-96.58735,32.67339
83,918 Abigale Dallas, TX 75253-5140,918 Abigale Ln,TX,75253,1722,-96.58196,32.68559,14693048,1395,14691745,2500
84,960 Ranch Dallas, TX 75253-5049,960 Ranch Rd,TX,75253,1765,-96.59779,32.69051,14664369,1825
85,414 E Mona Duncanville, TX 75137-2428,414 E Mona Ave,TX,75137,1577,-96.90333,32.64351,14698901,1195,14649276,1250
86,619 S Alexander Duncanville, TX 75137-2519,619 S Alexander Ave,TX,75137,1586,-96.89925,32.64655,14687246,1895
87,712 Woodcrest Ennis, TX 75119-7742,712 Woodcrest Dr,TX,75119,2102,-96.65281,32.35266
88,2800 Tenison Ennis, TX 75119-7734,2800 Tenison Dr,TX,75119,1962,-96.64987,32.35145
89,9101 Poynter Fort Worth, TX 76123-2609,9101 Poynter St,TX,76123,1837,-97.3638,32.60924,14672809,1895,14713517,1695,14689388,1920
90,3617 Cayman Fort Worth, TX 76123-3586,3617 Cayman Dr,TX,76123,1775,-97.37384,32.6094,14717363,1750,14713517,1695,14672809,1895
91,8005 Courageous Rowlett, TX 75089-2503,8005 Courageous Dr,TX,75089,1950,-96.52145,32.93327,14724449,2250,14722453,1800,14677921,2400
92,1724 Midcrest Plano, TX 75075-8537,1724 Midcrest Dr,TX,75075,2208,-96.72746,33.01128,14690192,3000,14677705,2000,14697740,2300
93,2617 Branch Oaks Garland, TX 75043-6008,2617 Branch Oaks Dr,TX,75043,1701,-96.589386,32.839474,14682400,2500,14715890,2950
94,7245 Windcrest Lane North Richland Hills, TX 76182-7715,7245 Windcrest Ln,TX,76182,1773,-97.22849,32.88054,14699316,2300,14684095,2595
95,1308 Lakecrest Lewisville, TX 75057-2615,1308 Lake Crest Ln,TX,75057,1670,-97.01049,33.06127
96,1404 Lake Crest Ln Lewisville, TX 75057-2669,1404 Lake Crest Ln,TX,75057,1713,-97.01046,33.06232
97,331 E Hull Denison, TX 75021-4921,331 E Hull St,TX,75021,1287,-96.531204,33.746346,14690797,1450,14686517,2000,14721445,1550
98,1104 Bainbridge Forney, TX 75126,1104 Bainbridge Ln,TX,75126,2098,-96.40634,32.747166,14666352,1995,14666844,1750,14698865,2495
99,7924 Eastwind Drive Fort Worth, TX 76137-1222,7924 Eastwind Dr,TX,76137,1906,-97.29248,32.885124,14687356,2450,14672954,1930,14696756,1900
100,1407 Alta Vista Mesquite, TX 75149-2304,1407 Alta Vista St,TX,75149,1429,-96.61049,32.779804,14682296,1600,14682072,1450
101,15648 Gatsby Ln Dallas, TX 75253-5838,15648 Gatsby Ln,TX,75253,1719,-96.5838,32.683853,14693048,1395
102,949 Abigale Dallas, TX 75253-5795,949 Abigale Ln,TX,75253,1709,-96.58355,32.68492,14693048,1395,14691745,2500
103,947 Ranch Dallas, TX 75253-5051,947 Ranch Rd,TX,75253,1769,-96.59774,32.69134,14664369,1825
104,931 Ranch Dallas, TX 75253-5051,931 Ranch Rd,TX,75253,1748,-96.59722,32.69175,14664369,1825
105,7955 Kansas Dallas, TX 75241-5300,7955 Kansas Ave,TX,75241,1635,-96.8225,32.64861,14677265,2000
106,818 Madrid Duncanville, TX 75116-3918,818 Madrid Dr,TX,75116,1753,-96.89207,32.65558,14687246,1895,14666388,1880
107,3456 Cayman Fort Worth, TX 76123-3518,3456 Cayman Dr,TX,76123,1786,-97.37131,32.6094,14713517,1695,14672809,1895,14717363,1750
108,9132 St Kitts Fort Worth, TX 76123-3522,9132 Saint Kitts Rd,TX,76123,1782,-97.37276,32.61027,14713517,1695,14672809,1895,14717363,1750
109,3609 St Vincent Fort Worth, TX 76123-1434,3609 Saint Vincent Rd,TX,76123,1740,-97.37398,32.60861,14717363,1750,14713517,1695,14672809,1895
110,3524 Aruba Fort Worth, TX 76123-3527,3524 Aruba Ln,TX,76123,1754,-97.37268,32.61174,14713517,1695,14672809,1895,14717363,1750
111,3613 Clearbrook Fort Worth, TX 76123-2319,3613 Clearbrook Dr,TX,76123,1966,-97.3736,32.61743,14686645,1990,14693987,1850,14713517,1695
112,141 Redbud Mckinney, TX 75069-3307,141 Redbud Trl,TX,75069,1635,-96.63554,33.20742,14711891,2099
113,3605 Smoketree Rockwall, TX 75032-9203,3605 Smoketree Dr,TX,75032,2074,-96.408424,32.903755
114,1512 Hickory Creek Rockwall, TX 75032-7336,1512 Hickory Creek Ln,TX,75032,2249,-96.43875,32.902683,14683499,1795,14710313,2075,14665262,1895
115,1008 Windsong Richardson, TX 75081-4442,1008 Windsong Trl,TX,75081,2417,-96.71002,32.94209,14675621,3000,14668967,3000,14697884,1850
116,6008 Redwood Rowlett, TX 75089-3103,6008 Redwood Ln,TX,75089,2027,-96.57427,32.915085,14717169,1780,14697038,1975,14691186,2100
117,1124 Siebold Ct. Mesquite, TX 75150-4249,1124 Siebold Ct,TX,75150,1836,-96.614845,32.82154,14719672,1700
118,4910 Vagas Rowlett, TX 75088-4816,4910 Vagas Dr,TX,75088,1963,-96.51443,32.90504,14714376,2100,14677028,2775,14697282,2120
119,106 Cedar View Rockwall, TX 75087-8707,106 Cedar View Dr,TX,75087,2303,-96.50877,32.91205,14662929,2095,14630430,2095,14674740,2000
120,806 Prairie Creek Princeton, TX 75407-6521,806 Prairie Creek Dr,TX,75407,1481,-96.50381,33.1812,14684181,2200,14679683,2395,14699500,2300
121,701 Dickey Drive Euless, TX 76040-5566,701 Dickey Dr,TX,76040,1980,-97.07381,32.82835,14650790,1995,14723079,1995
122,1344 Lakecrest Ln Lewisville, TX 75057-2615,1344 Lake Crest Ln,TX,75057,1682,-97.01047,33.061924
123,1348 Lakecrest Ln Lewisville, TX 75057-2615,1344 Lake Crest Ln,TX,75057,1682,-97.01047,33.061924
124,1309 Lakecrest Lewisville, TX 75057-2666,1309 Lake Crest Ln,TX,75057,1667,-97.01008,33.06101
125,1428 Lakecrest Lewisville, TX 75057-2669,1428 Lake Crest Ln,TX,75057,1706,-97.010445,33.06292
126,1121 E Rosedale St Sherman, TX 75090-8405,1121 E Rosedale St,TX,75090,1285,-96.59268,33.6279,14671740,1599
127,260 Meadowcrest Terrell, TX 75160-5109,260 Meadowcrest Dr,TX,75160,1702,-96.26767,32.76204,14659999,2000,14701550,1595,14693824,2000
128,1005 Cumberland Forney, TX 75126-6489,1005 Cumberland Dr,TX,75126,1844,-96.400406,32.74254,14701463,1800,14696564,2005,14661752,1795
129,14243 Chaps Drive Dallas, TX 75253,14243 Chaps Dr,TX,75253,1761,-96.587,32.67381
130,15626 Gatsby Ln Dallas, TX 75253-5838,15626 Gatsby Ln,TX,75253,1716,-96.58455,32.6845,14693048,1395
131,914 Abigale Dallas, TX 75253-5140,914 Abigale Ln,TX,75253,1799,-96.58181,32.68571,14693048,1395,14691745,2500
132,1815 Shady Glen Dallas, TX 75232-2349,1815 Shady Glen Ln,TX,75232,1812,-96.85023,32.676834
133,6743 Ohana Dallas, TX 75237-2581,6743 Ohana Pl,TX,75237,1723,-96.88236,32.66568,14666388,1880
134,9208 Abaco Way Fort Worth, TX 76123-3598,9208 Abaco Way,TX,76123,1768,-97.36793,32.60997,14672809,1895,14713517,1695,14693987,1850
135,9105 Poynter Fort Worth, TX 76123-2609,9105 Poynter St,TX,76123,1830,-97.36379,32.6091,14672809,1895,14713517,1695,14689388,1920
136,2502 Channing Grand Prairie, TX 75052-3922,2502 Channing Dr,TX,75052,1700,-97.041245,32.668587,14692606,2000,14710699,2200,14669697,2185
137,3315 Westhoff Dr Grand Prairie, TX 75052-6123,3315 Westhoff Dr,TX,75052,1725,-97.01419,32.689877,14665547,2000,14678218,2100,14692918,1995
138,3326 Spring Meadow Grand Prairie, TX 75052-6482,3326 Spring Meadow Ln,TX,75052,1759,-97.015495,32.689095,14665547,2000,14678218,2100,14692918,1995
139,3142 Lisetta Grand Prairie, TX 75052-6080,3142 Lisetta St,TX,75052,1695,-97.012276,32.693127,14678218,2100,14670612,1795,14692918,1995
140,509 Ivy Way Garland, TX 75043-3223,509 Ivy Way,TX,75043,1749,-96.61073,32.86371,14720001,1850,14682178,1850,14689477,1400
141,3801 Remington Sachse, TX 75048-5433,3801 Remington Ct,TX,75048,2258,-96.58767,32.953415,14700466,1995
142,901 Downing Forney, TX 75126-9717,901 Downing St,TX,75126,1883,-96.46655,32.759686,14703402,1850,14679686,1600,14686896,1799
143,602 Carl C Senter Forney, TX 75126-9732,602 Carl C Senter St,TX,75126,1757,-96.46669,32.76467,14679686,1600,14703402,1850,14651913,2450
144,468 Lakeside Rockwall, TX 75032-6134,468 Lakeside Dr,TX,75032,1540,-96.45667,32.885197,14706971,1850,14718793,2550,14674335,1715
145,123 Southampton Rockwall, TX 75032-6594,123 Southampton Dr,TX,75032,2412,-96.45882,32.896435,14672063,2550,14684683,2350,14711295,1900
146,2514 Amy Rowlett, TX 75088-5873,2514 Amy Ave,TX,75088,1936,-96.56612,32.88577,14714949,2000,14675543,1850
147,1216 Falling Water Drive Lewisville, TX 75067-7437,1216 Falling Water Dr,TX,75067,2159,-97.02519,33.013905,14687407,2200,14719106,2100,14691810,2295
148,405 Live Oak Drive Euless, TX 76040-3926,405 Live Oak Dr,TX,76040,2058,-97.11828,32.832336,14701406,2650,14697030,1975,14677358,3200
149,1337 Lakecrest Lewisville, TX 75057-2666,1337 Lake Crest Ln,TX,75057,1667,-97.010056,33.061523
150,1317 Lakecrest Lewisville, TX 75057-2666,1317 Lake Crest Ln,TX,75057,1670,-97.01007,33.06115
151,1412 Lake Crest Ln Lewisville, TX 75057-2669,1412 Lake Crest Ln,TX,75057,1686,-97.01045,33.06253
152,1621 Dragonback Pass Frisco, TX 75034-8711,1621 Dragonback Pass,TX,75036,2182,-96.90081,33.15602,14699721,2250,14683809,1995,14716217,2100
153,2418 Midnight Plano, TX 75093-3826,2418 Midnight Dr,TX,75093,2305,-96.77528,33.03076,14713618,2895,14727065,2895,14704073,2400
154,520 E Day St Denison, TX 75021-4814,520 E Day St,TX,75021,1270,-96.52805,33.747784,14689434,1375,14705787,1500,14698781,1600
155,1231 S Perry Denison, TX 75020-6033,1231 S Perry Ave,TX,75020,1607,-96.553215,33.743706,14726611,1450,14696145,1475,14641130,1400
156,515 N Rusk Denison, TX 75020-2503,515 N Rusk Ave,TX,75020,1271,-96.53838,33.760357,14685472,1200,14723221,1525,14674952,1525
157,1827 Willowbrook Terrell, TX 75160-5131,1827 Willowbrook Dr,TX,75160,1569,-96.26971,32.7622,14693824,2000,14659999,2000,14701550,1595
158,15642 Gatsby Ln Dallas, TX 75253-5838,15642 Gatsby Ln,TX,75253,1873,-96.58396,32.684006,14693048,1395
159,930 Abigale Dallas, TX 75253-5140,930 Abigale Ln,TX,75253,1801,-96.58241,32.68521,14693048,1395,14691745,2500
160,963 Ranch Dallas, TX 75253-5051,963 Ranch Rd,TX,75253,1893,-96.59827,32.690914,14664369,1825
161,6704 Ohana Dallas, TX 75237-2582,6704 Ohana Pl,TX,75237,1725,-96.88207,32.66734,14666388,1880
162,1310 Independence Grand Prairie, TX 75052-2016,1310 Independence Trl,TX,75052,1700,-97.020546,32.65783,14708183,2350,14717990,1695,14709206,2005
163,1018 S Murray Mckinney, TX 75069-6212,1018 S Murray St,TX,75069,1506,-96.6047,33.18939,14720896,1950
164,3025 Coolwood Rockwall, TX 75032-7404,3025 Coolwood Ln,TX,75032,1813,-96.43485,32.892845,14706712,1800,14702291,1795,14663640,2570
165,306 Trailridge Richardson, TX 75081-4727,306 Trailridge Dr,TX,75081,1969,-96.68708,32.942295,14700430,2200,14686075,2499,14719369,1900
166,1395 Stewart Rockwall, TX 75032-6566,1395 Stewart Dr,TX,75032,1869,-96.44353,32.901764,14698459,1950,14665262,1895,14683499,1795
167,1013 Weiss Princeton, TX 75407-6808,1013 Weiss Ave,TX,75407,1409,-96.4905,33.18408,14695029,1600,14682763,1600
168,3510 Princeton Dr Irving, TX 75062-4552,3510 Princeton Dr,TX,75062,1838,-96.948685,32.85001,14652857,2995,14697018,2400,14678223,2995
169,1321 Lakecrest Lewisville, TX 75057-2666,1321 Lake Crest Ln,TX,75057,1673,-97.01007,33.06121
170,1420 Lake Crest Ln Lewisville, TX 75057-2669,1420 Lake Crest Ln,TX,75057,1686,-97.010445,33.062714
171,2933 Deep Valley Plano, TX 75075-1924,2933 Deep Valley Trl,TX,75075,2559,-96.74692,33.03806,14726603,2595,14706850,2300,14711072,2475
172,2908 Newport Plano, TX 75075-2217,2908 Newport Cir,TX,75075,2456,-96.72505,33.03766,14708058,2600,14705798,2500,14694135,1825
173,2021 Cobblestone Forney, TX 75126,2021 Cobblestone Trl,TX,75126,1938,-96.40866,32.756184,14721454,1900,14662668,1695,14707389,2095
174,1401 Mount Vernon Dr Mesquite, TX 75149-1951,1401 Mount Vernon Dr,TX,75149,1731,-96.63844,32.782066,14689706,1700,14695881,1825
175,14259 Chaps Drive Dallas, TX 75253,14259 Chaps Dr,TX,75253,1822,-96.58677,32.67361
176,969 Hannah Way Dallas, TX 75253-5799,969 Hannah Way,TX,75253,1803,-96.5855,32.68549,14693048,1395,14691745,2500
177,953 Abigale Dallas, TX 75253-5795,953 Abigale Ln,TX,75253,1706,-96.58371,32.6848,14693048,1395,14691745,2500
178,8425 Sweet Flag Lane Fort Worth, TX 76123-4269,8425 Sweet Flag Ln,TX,76123,2403,-97.42007,32.61826,14677950,2350,14698722,2400,14672175,1825
179,1701 Wilderness Grand Prairie, TX 75052-2077,1701 Wilderness Trl,TX,75052,1748,-97.02664,32.65311,14709206,2005,14699256,1725,14717990,1695
180,505 Cranbrook Lane Grand Prairie, TX 75052-5135,505 Cranbrook Ln,TX,75052,1639,-97.00945,32.707813,14671471,1745,14715773,2000
181,2613 Santa Margarita Grand Prairie, TX 75052-5245,2613 Santa Margarita St,TX,75052,1649,-97.00071,32.70589,14710432,1775,14701082,1775,14671471,1745
182,2325 Sheriff Grand Prairie, TX 75051-4212,2325 Sheriff Dr,TX,75051,1765,-96.991646,32.71151,14719778,1800
183,5908 Firethorn Dallas, TX 75249-2803,5908 Firethorn Dr,TX,75249,1814,-96.97217,32.65183,14633968,4500,14683225,2100,14666314,2800
184,305 Boxwood Dr Mesquite, TX 75150-4507,305 Boxwood Dr,TX,75150,1711,-96.5995,32.81546,14720390,1400,14714204,2200,14724685,3100
185,5026 Stagecoach Garland, TX 75043-3533,5026 Stagecoach Ln,TX,75043,1656,-96.6041,32.852943,14691998,1550,14688737,2010,14610635,1125
186,311 Trout Rockwall, TX 75032-6328,311 Trout St,TX,75032,1590,-96.45831,32.88528,14706971,1850,14674335,1715,14697377,1495
187,7901 Tulane Rowlett, TX 75088-6638,7901 Tulane Dr,TX,75088,1874,-96.5259,32.8886,14682385,1950,14689646,1900,14672348,2895
188,7408 Rutgers #A Rowlett, TX 75088-8552,7408 Rutgers Cir,TX,75088,1815,-96.53065,32.888935,14682385,1950,14689646,1900,14672348,2895
189,7408 Rutgers #B Rowlett, TX 75088-8552,7408 Rutgers Cir,TX,75088,1815,-96.53065,32.888935,14682385,1950,14689646,1900,14672348,2895
190,1333 Lakecrest Lewisville, TX 75057-2666,1333 Lake Crest Ln,TX,75057,1665,-97.010056,33.061455
191,1305 Lakecrest Lewisville, TX 75057-2666,1305 Lake Crest Ln,TX,75057,1671,-97.01008,33.06096
192,941 Longhorn Plano, TX 75023-4458,941 Longhorn Dr,TX,75023,1938,-96.71269,33.05861,14683752,2100,14689422,2180,14715462,2000
193,817 S Vaden Sherman, TX 75090-8151,817 S Vaden St,TX,75090,1237,-96.59446,33.631794,14671740,1599,14658492,1025,14676529,1425
194,1820 Culberson Mesquite, TX 75150-5918,1820 Culberson Dr,TX,75150,1726,-96.62621,32.819996,14719672,1700
195,1555 Vida Dallas, TX 75253-4867,1555 Vida Ct,TX,75253,1632,-96.59927,32.6808
196,222 Creekwood Court Duncanville, TX 75116-4034,222 Creekwood Ct,TX,75116,1746,-96.89347,32.650356,14687246,1895
197,1006 Hoylake Ct Ennis, TX 75119-7657,1006 Hoylake Ct,TX,75119,1939,-96.65559,32.34859
198,705 Woodcrest Dr Ennis, TX 75119-7753,705 Woodcrest Dr,TX,75119,1834,-96.65197,32.35283
199,9129 Abaco Way Fort Worth, TX 76123-3597,9129 Abaco Way,TX,76123,1777,-97.36609,32.61067,14672809,1895,14713517,1695,14693987,1850
200,2614 Parkside Grand Prairie, TX 75052-4613,2614 Parkside Dr,TX,75052,1835,-97.04188,32.708794
201,2619 Primrose Rowlett, TX 75089-6714,2619 Primrose Ln,TX,75089,1822,-96.57315,32.92302,14677273,1895,14691186,2100,14705627,2100
202,6613 Ruth Cir Rowlett, TX 75089-8296,6613 Ruth Cir,TX,75089,1911,-96.57819,32.91687,14705627,2100,14717169,1780,14677273,1895
203,2001 Diamondback Forney, TX 75126-5172,2001 Diamondback,TX,75126,1990,-96.47557,32.805756,14710717,1125,14731275,1200,14698221,1695
204,3305 Scott Rowlett, TX 75088-5723,3305 Scott Dr,TX,75088,1912,-96.57134,32.89085,14675543,1850,14714949,2000,14660295,2210
205,4909 Highgate Rowlett, TX 75088-8904,4909 Highgate Ln,TX,75088,2070,-96.52477,32.90555,14722070,1550,14704848,2095,14713299,2200
206,1328 Lakecrest Ln Lewisville, TX 75057-2615,1328 Lake Crest Ln,TX,75057,1671,-97.01048,33.06162
207,1313 Lakecrest Lewisville, TX 75057-2666,1313 Lake Crest Ln,TX,75057,1670,-97.01008,33.061096
208,1424 Lakecrest Lewisville, TX 75057-2669,1424 Lake Crest Ln,TX,75057,1681,-97.010445,33.062824
209,2809 Pinehurst Plano, TX 75075-1910,2809 Pinehurst Dr,TX,75075,2406,-96.7504,33.03603,14726603,2595,14706850,2300,14714544,2100
210,1102 E Rosedale St Sherman, TX 75090-8406,1102 E Rosedale St,TX,75090,1208,-96.59328,33.627254,14671740,1599,14676985,1499
211,1825 Ridgecrest Terrell, TX 75160-5115,1825 Ridgecrest Dr,TX,75160,1585,-96.26918,32.761475,14659999,2000,14701550,1595,14693824,2000
212,1000 Hampton Forney, TX 75126-6505,1000 Hampton Dr,TX,75126,1806,-96.407646,32.741936,14666844,1750,14666352,1995,14661752,1795
213,3114 Berkshire Dr. Mesquite, TX 75150-3545,3114 Berkshire Dr,TX,75150,1705,-96.64673,32.809555,14692689,1675,14717299,1900,14693104,1575
214,2521 Greenhill Dr. Mesquite, TX 75150-5220,2521 Greenhill Dr,TX,75150,1653,-96.639465,32.799545,14686157,1750
215,15623 Gatsby Ln Dallas, TX 75253-5798,15623 Gatsby Ln,TX,75253,1839,-96.584206,32.684883,14693048,1395,14691745,2500
216,9133 Curacao Fort Worth, TX 76123-3593,9133 Curacao Dr,TX,76123,1774,-97.36773,32.6107,14672809,1895,14713517,1695,14693987,1850
217,9109 Abaco Fort Worth, TX 76123-3597,9109 Abaco Way,TX,76123,1950,-97.36527,32.61066,14672809,1895,14713517,1695,14693987,1850
218,9120 St Barts Fort Worth, TX 76123-3524,9120 Saint Barts Rd,TX,76123,1814,-97.37334,32.6109,14713517,1695,14672809,1895,14717363,1750
219,4309 German Pointer Way Fort Worth, TX 76123-3557,4309 German Pointer Way,TX,76123,1791,-97.38673,32.6077,14683220,2950,14726467,1850,14688647,1595
220,2009 Wellington Grand Prairie, TX 75051-3742,2009 Wellington Dr,TX,75051,1734,-97.01875,32.71706,14690837,1795,14704406,1695
221,1646 Hickory Creek Rockwall, TX 75032-7363,1646 Hickory Creek Ln,TX,75032,1813,-96.436935,32.904175,14710313,2075,14683499,1795,14665262,1895
222,1433 Glenwick Rockwall, TX 75032-6588,1433 Glenwick Dr,TX,75032,2046,-96.44277,32.903854,14698459,1950,14665262,1895,14683499,1795
223,2110 High Summit Garland, TX 75041-2075,2110 High Summit Dr,TX,75041,1662,-96.617805,32.89214,14704876,1400,14693247,2350,14709302,2080
224,472 Perch Rockwall, TX 75032-6321,472 Perch Rd,TX,75032,1547,-96.45654,32.887936,14718793,2550,14711295,1900,14674335,1715
225,6813 Lakeshore Rowlett, TX 75089-3734,6813 Lakeshore Dr,TX,75089,2380,-96.53632,32.912605,14712968,1820,14694335,2175
226,1009 Weiss Princeton, TX 75407-6808,1009 Weiss Ave,TX,75407,1423,-96.49051,33.183926,14695029,1600,14682763,1600
227,206 Sunset Drive Euless, TX 76040-5382,206 Sunset Dr,TX,76040,1911,-97.08552,32.82359,14682185,2000,14694423,1995,14715491,1950
228,1353 Lakecrest Lewisville, TX 75057-2666,1353 Lake Crest Ln,TX,75057,1666,-97.01004,33.061836
229,1316 Lakecrest Ln Lewisville, TX 75057-2615,1316 Lake Crest Ln,TX,75057,1670,-97.01048,33.06139
230,1429 Lakecrest Lewisville, TX 75057-2670,1429 Lake Crest Ln,TX,75057,1706,-97.01001,33.062916
231,15630 Gatsby Ln Dallas, TX 75253-5838,15630 Gatsby Ln,TX,75253,1873,-96.58441,32.68438,14693048,1395
232,6728 Ohana Dallas, TX 75237-2582,6728 Ohana Pl,TX,75237,1780,-96.88197,32.66616,14666388,1880
233,6818 Beechnut Dallas, TX 75237-2579,6818 Beechnut St,TX,75237,1710,-96.87882,32.66637
234,805 Oakmont Ennis, TX 75119-7730,805 Oakmont Dr,TX,75119,2031,-96.65221,32.34984
235,703 Woodcrest Dr Ennis, TX 75119-7753,703 Woodcrest Dr,TX,75119,1973,-96.65185,32.35298
236,3608 St Vincent Fort Worth, TX 76123-1423,3608 Saint Vincent Rd,TX,76123,1762,-97.37372,32.609,14717363,1750,14713517,1695,14672809,1895
237,8429 Sweet Flag Lane Fort Worth, TX 76123-4269,8429 Sweet Flag Ln,TX,76123,2519,-97.42006,32.61807,14677950,2350,14698722,2400,14672175,1825
238,732 Fleming Wylie, TX 75098-5800,732 Fleming St,TX,75098,1747,-96.55393,33.01287,14682167,1900,14687332,1750,14689116,2400
239,9117 Fairmont Rowlett, TX 75088-4650,9117 Fairmont Cir,TX,75088,1815,-96.51313,32.90944,14630430,2095,14697282,2120,14662929,2095
240,9009 Davis Rowlett, TX 75088-4525,9009 Davis St,TX,75088,1941,-96.51453,32.91557,14674740,2000,14687321,2135,14662929,2095
241,2026 Childress Forney, TX 75126,2026 Childress Dr,TX,75126,2003,-96.474686,32.80743,14663877,2000,14731275,1200,14710717,1125
242,1405 Silver Maple Royse City, TX 75189-8156,1405 Silver Maple Ln,TX,75189,1693,-96.28189,32.98891,14651669,1400,14683751,1650,14680486,1395
243,2606 Trenton Plano, TX 75075-2931,2606 Trenton Ct,TX,75075,2434,-96.73554,33.03417,14710899,2300,14671001,2780,14708058,2600
244,2937 Lawndale Drive Lancaster, TX 75134-3754,2937 Lawndale Dr,TX,75134,1513,-96.77333,32.62388,14710593,2390,14689688,1450,14665503,1750
245,8613 Bearden Dallas, TX 75227-7025,8613 Bearden Ln,TX,75227,1697,-96.674484,32.760254
246,2925 Concord Mesquite, TX 75150-3524,2925 Concord Dr,TX,75150,1674,-96.644,32.810196,14692689,1675,14717299,1900
247,413 Lindo Mesquite, TX 75149-4755,413 Lindo Dr,TX,75149,1489,-96.58553,32.762566,14686639,1625,14703434,1595,14695405,1750
248,2704 Park St Ennis, TX 75119-7653,2704 Park St,TX,75119,1818,-96.65441,32.34865
249,708 Woodcrest Ennis, TX 75119-7742,708 Woodcrest Dr,TX,75119,1980,-96.65255,32.35296
250,701 Oakmont Ennis, TX 75119-7729,701 Oakmont Dr,TX,75119,1855,-96.65034,32.35076
251,3449 Cayman Fort Worth, TX 76123-3519,3449 Cayman Dr,TX,76123,1780,-97.3708,32.60932,14672809,1895,14713517,1695,14717363,1750
252,4909 Treeside Drive Fort Worth, TX 76123-2948,4909 Treeside Dr,TX,76123,2035,-97.39802,32.62113,14696125,1950,14727624,2530,14714016,2500
253,327 Mulberry Fate, TX 75087-6787,327 Mulberry Dr,TX,75087,1761,-96.38682,32.948616,14673639,1780,14712411,2200,14682288,2320
254,1304 Seabrook Plano, TX 75023-2927,1304 Seabrook Dr,TX,75023,1809,-96.71567,33.0648,14685163,1800,14701321,3745,14685114,2100
255,1322 Jasmine Drive Lewisville, TX 75077-2140,1322 Jasmine Dr,TX,75077,1850,-97.028755,33.06816,14716437,2060,14640556,2000,14685173,1975
256,5917 Oak Hill Road Watauga, TX 76148-1653,5917 Oak Hill Rd,TX,76148,1693,-97.25396,32.879856,14724713,1795,14714026,1950,14669235,2300
257,802 Poinsettia Lancaster, TX 75146-2224,802 Poinsettia Dr,TX,75146,1561,-96.76914,32.59695,14709411,1700,14694421,1495,14713429,1595
258,321 Meadowcreek Desoto, TX 75115-5754,321 Meadowcreek Dr,TX,75115,1618,-96.851425,32.58719,14712209,1600,14685042,1645
259,14235 Chaps Drive Dallas, TX 75253,14235 Chaps Dr,TX,75253,1823,-96.58711,32.673904
260,826 E Celeste Garland, TX 75041-3217,826 E Celeste Dr,TX,75041,1565,-96.62068,32.887024,14701253,1795,14693247,2350,14704876,1400
261,418 Thistle Garland, TX 75043-3236,418 Thistle Dr,TX,75043,1733,-96.6107,32.861156,14720001,1850,14691998,1550,14682178,1850
262,4130 Salem Garland, TX 75043-3254,4130 Salem Dr,TX,75043,1602,-96.61557,32.86329,14689477,1400,14682178,1850,14726638,1895
263,130 Southampton Rockwall, TX 75032-6593,130 Southampton Dr,TX,75032,2651,-96.45829,32.896095,14672063,2550,14684683,2350,14711295,1900
264,3309 Magnolia Rowlett, TX 75089-3156,3309 Magnolia Ct,TX,75089,1821,-96.57089,32.913326,14697038,1975,14717169,1780,14730209,3000
265,316 Peachtree Princeton, TX 75407-5744,316 Peachtree Ln,TX,75407,1606,-96.49999,33.16951,14694981,2300
266,4513 Hartford Plano, TX 75093-5420,4513 Hartford Dr,TX,75093,2383,-96.784096,33.020775,14629131,2195,14686711,2250,14686997,2995
267,849 Lariat Drive Saginaw, TX 76131-4954,849 Lariat Dr,TX,76131,1820,-97.35003,32.882275,14729186,2850,14694932,2000
268,837 Arcadia Street Saginaw, TX 76179-3401,837 Arcadia St,TX,76179,1919,-97.38158,32.84878,14708887,1800,14686980,1895,14695234,1800
269,10566 Dunaway Dallas, TX 75228-2748,10566 Dunaway Dr,TX,75228,1601,-96.66617,32.83933,14683022,1625,14684013,1750,14714897,2400
270,14219 Chaps Drive Dallas, TX 75253,14219 Chaps Dr,TX,75253,1803,-96.58734,32.674107
271,4867 Cole St. Fort Worth, TX 76115-3613,4867 Cole St,TX,76115,1464,-97.31455,32.67708,14703922,1400
272,303 Trailridge Richardson, TX 75081-4728,303 Trailridge Dr,TX,75081,2245,-96.68653,32.942734,14700430,2200,14719369,1900,14686075,2499
273,377 Perch Rockwall, TX 75032-6167,377 Perch Rd,TX,75032,1618,-96.45741,32.886623,14706971,1850,14718793,2550,14674335,1715
274,1341 Lakecrest Lewisville, TX 75057-2666,1341 Lake Crest Ln,TX,75057,1667,-97.010056,33.061615
275,1822 Willowbrook Terrell, TX 75160-5132,1822 Willowbrook Dr,TX,75160,1616,-96.26964,32.761604,14693824,2000,14659999,2000,14701550,1595
276,1818 Willowbrook Terrell, TX 75160-5132,1818 Willowbrook Dr,TX,75160,1590,-96.26993,32.76136,14693824,2000,14659999,2000,14701550,1595
277,8517 Santa Ana Drive Fort Worth, TX 76131-5318,8517 Santa Ana Dr,TX,76131,1950,-97.3429,32.89314,14679196,2150,14727921,2400,14670439,2200
278,973 Hannah Way Dallas, TX 75253-5799,973 Hannah Way,TX,75253,1734,-96.58566,32.68536,14693048,1395,14691745,2500
279,961 Hannah Way Dallas, TX 75253-5799,961 Hannah Way,TX,75253,1802,-96.58519,32.68575,14693048,1395,14691745,2500
280,922 Abigale Dallas, TX 75253-5140,922 Abigale Ln,TX,75253,1803,-96.58211,32.68546,14693048,1395,14691745,2500
281,9149 St Kitts Fort Worth, TX 76123-3523,9149 Saint Kitts Rd,TX,76123,2222,-97.372665,32.609535,14713517,1695,14672809,1895,14717363,1750
282,8314 Kensington Rowlett, TX 75088-4351,8314 Kensington Dr,TX,75088,1844,-96.5209,32.9085,14704848,2095,14677028,2775,14714376,2100
283,4404 Augusta Street The Colony, TX 75056-3501,4404 Augusta St,TX,75056,2011,-96.89899,33.09889,14645907,2250,14659801,1850,14726922,1750
284,1400 Lakecrest Ln Lewisville, TX 75057-2669,1400 Lake Crest Ln,TX,75057,1683,-97.01046,33.06223
285,2210 Sumac Forney, TX 75126-6598,2210 Sumac Dr,TX,75126,1805,-96.41465,32.7601,14683931,2200,14649211,1849,14691338,1550
286,3465 Cayman Fort Worth, TX 76123-3519,3465 Cayman Dr,TX,76123,1961,-97.37137,32.60895,14713517,1695,14672809,1895,14717363,1750
287,8822 Westfield Rowlett, TX 75088-4611,8822 Westfield Dr,TX,75088,1908,-96.51572,32.91137,14697282,2120,14630430,2095,14674740,2000
288,1354 Mill Crossing Garland, TX 75040-7548,1354 Mill Xing,TX,75040,1903,-96.6124,32.90238,14664330,2150,14713610,1650,14701059,1795
289,6405 Magnolia Rowlett, TX 75089-3167,6405 Magnolia Ln,TX,75089,1767,-96.5734,32.91714,14691186,2100,14677273,1895,14717169,1780
290,518 Forestwood Forney, TX 75126,518 Forestwood Dr,TX,75126,1779,-96.46456,32.76481,14679686,1600,14703402,1850,14710533,2105
291,1345 Lakecrest Lewisville, TX 75057-2666,1345 Lake Crest Ln,TX,75057,1664,-97.01005,33.06167
292,1816 Willowbrook Terrell, TX 75160-5132,1816 Willowbrook Dr,TX,75160,1655,-96.27005,32.761246,14693824,2000,14701550,1595,14659999,2000
293,1107 Cumberland Forney, TX 75126,1107 Cumberland Dr,TX,75126,1781,-96.40146,32.74257,14661752,1795,14701463,1800,14696564,2005
294,2113 Preston Forney, TX 75126-6306,2113 Preston Trl,TX,75126,1917,-96.41096,32.756485,14662668,1695,14666789,1995,14721454,1900
295,1945 Cross Oaks Lancaster, TX 75146-2041,1945 Cross Oaks Dr,TX,75146,1905,-96.7951,32.59557,14704359,2040,14709528,2250,14695980,2190
296,1222 Mockingbird Ln Desoto, TX 75115-7138,1222 Mockingbird Ln,TX,75115,1580,-96.84922,32.56959,14709413,1800,14707508,1950,14681482,1275
297,2621 Carrington Grand Prairie, TX 75052-4005,2621 Carrington Ln,TX,75052,1924,-97.04401,32.663166,14710699,2200,14660923,2000,14692606,2000
298,917 Montclair Garland, TX 75040-8135,917 Montclair Dr,TX,75040,1619,-96.618904,32.89499,14709302,2080,14704876,1400,14709780,1399
299,7607 Harbor Rowlett, TX 75088-5329,7607 Harbor Dr,TX,75088,1543,-96.52757,32.89867,14708222,2200,14713299,2200,14705258,2395
300,1168 Settlers Way Lewisville, TX 75067-7408,1168 Settlers Way,TX,75067,1914,-97.02409,33.01244,14719106,2100,14687407,2200,14691810,2295
301,210 Austin Grapevine, TX 76051-3663,210 Austin St,TX,76051,2052,-97.07218,32.939816,14695754,2230,14705667,1900
302,1811 W College Sherman, TX 75092-5321,1811 W College St,TX,75092,1363,-96.63559,33.64487,14714959,2150,14630547,1245
303,2817 Mcintosh Lancaster, TX 75134-4912,2817 Mcintosh Ct,TX,75134,1736,-96.8015,32.6226,14702342,1500,14707740,1600
304,1220 Mockingbird Ln Desoto, TX 75115-7138,1220 Mockingbird Ln,TX,75115,1581,-96.84928,32.569687,14709413,1800,14707508,1950,14681482,1275
305,926 Abigale Dallas, TX 75253-5140,926 Abigale Ln,TX,75253,1753,-96.58226,32.68534,14693048,1395,14691745,2500
306,9212 Abaco Way Fort Worth, TX 76123-3598,9212 Abaco Way,TX,76123,1761,-97.36801,32.60985,14672809,1895,14713517,1695,14693987,1850
307,9240 Curacao Fort Worth, TX 76123-3594,9240 Curacao Dr,TX,76123,1771,-97.36935,32.60945,14672809,1895,14713517,1695,14717363,1750
308,1025 Morrison Drive Fort Worth, TX 76120-3423,1025 Morrison Dr,TX,76120,1776,-97.19053,32.76473
309,8113 Chesham Rowlett, TX 75088-7656,8113 Chesham Dr,TX,75088,1927,-96.52301,32.90812,14704848,2095,14722070,1550,14677028,2775
310,704 Ashbrook Drive Desoto, TX 75115-5836,704 Ashbrook Dr,TX,75115,1685,-96.84179,32.586624,14701576,1850,14712209,1600
311,9201 Curacao Fort Worth, TX 76123-3595,9201 Curacao Dr,TX,76123,1799,-97.3681,32.61039,14672809,1895,14713517,1695,14693987,1850
312,9205 Abaco Way Fort Worth, TX 76123-3599,9205 Abaco Way,TX,76123,1805,-97.36746,32.60984,14672809,1895,14713517,1695,14693987,1850
313,9121 St Barts Fort Worth, TX 76123-3525,9121 Saint Barts Rd,TX,76123,1777,-97.37293,32.61067,14713517,1695,14672809,1895,14717363,1750
314,2637 Hamilton Grand Prairie, TX 75052-4011,2637 Hamilton Dr,TX,75052,1778,-97.04531,32.66451,14660923,2000,14710699,2200,14692197,2200
315,3057 Coolwood Rockwall, TX 75032-7404,3057 Coolwood Ln,TX,75032,2410,-96.43413,32.892815,14706712,1800,14702291,1795,14663640,2570
316,3323 Augusta Rockwall, TX 75087-5302,3323 Augusta Blvd,TX,75087,2025,-96.47496,32.898865,14681577,1995,14711774,1800,14721363,3650
317,1324 Lakecrest Ln Lewisville, TX 75057-2615,1324 Lake Crest Ln,TX,75057,1672,-97.01048,33.06153
318,14267 Chaps Drive Dallas, TX 75253,14267 Chaps Dr,TX,75253,1964,-96.58666,32.673496
319,910 Abigale Dallas, TX 75253-5140,910 Abigale Ln,TX,75253,1725,-96.58165,32.68583,14693048,1395,14691745,2500
320,3445 Cayman Fort Worth, TX 76123-3519,3445 Cayman Dr,TX,76123,1776,-97.37073,32.60943,14713517,1695,14672809,1895,14717363,1750
321,2537 Harvest Moon Fort Worth, TX 76123-1257,2537 Harvest Moon Dr,TX,76123,1675,-97.35892,32.626743,14674001,1850,14721924,1750,14691755,1990
322,6122 Cedar Rowlett, TX 75089-3123,6122 Cedar Ln,TX,75089,1758,-96.57247,32.91461,14697038,1975,14717169,1780,14691186,2100
323,905 Boxwood Drive Lewisville, TX 75067-4221,905 Boxwood Dr,TX,75067,1689,-97.03029,33.035416,14674369,2125,14687157,2360,14712367,1959
324,5309 Tennis Villa Arlington, TX 76017-1758,5309 Tennis Villa Dr,TX,76017,1818,-97.12623,32.6607,14684203,2400,14705522,2100,14698584,1950
325,1329 Lakecrest Lewisville, TX 75057-2666,1329 Lake Crest Ln,TX,75057,1665,-97.01006,33.061394
326,1925 Cross Oaks Lancaster, TX 75146-2041,1925 Cross Oaks Dr,TX,75146,1828,-96.79428,32.59557,14704359,2040,14709528,2250,14695980,2190
327,1325 Lakecrest Lewisville, TX 75057-2666,1325 Lake Crest Ln,TX,75057,1667,-97.01006,33.061314
328,629 Beatty Grand Prairie, TX 75052-6149,629 Beatty Dr,TX,75052,1855,-97.013054,32.691784,14678218,2100,14670612,1795,14692918,1995
329,935 Sylvan Creek Drive Lewisville, TX 75067-4233,935 Sylvan Creek Dr,TX,75067,1867,-97.02859,33.033047,14679198,1500,14712367,1959,14687157,2360
330,1321 Overlook Drive Lewisville, TX 75067-4925,1321 Overlook Dr,TX,75067,1949,-97.02957,33.02284,14665055,2190,14681166,2150,14685936,2300
331,1352 Lakecrest Ln Lewisville, TX 75057-2615,1352 Lake Crest Ln,TX,75057,1683,-97.01046,33.062115
332,2085 Sundance Court Lewisville, TX 75067-7405,2085 Sundance Ct,TX,75067,2052,-97.02059,33.011,14691810,2295,14719106,2100,14717510,2375
333,5405 Edgewater Circle Rowlett, TX 75088-4133,5405 Edgewater Cir,TX,75088,1959,-96.54863,32.90706
